Post Name,Post URL,Meta Description,Posts with Issues
WHAT PEOPLE SAY ABOUT SOLOMON DESIGNS TECHNICAL SEO SERVICES,https://solomondesigns.co.uk#services,Solomon Designs is a Technical SEO Services Company Solomon Designs Technical SEO Services has been around for more than 12 years. Its success has been,0
WHAT PEOPLE SAY ABOUT SOLOMON DESIGNS TECHNICAL SEO SERVICES,https://solomondesigns.co.uk#services,Solomon Designs is a Technical SEO Services Company Solomon Designs Technical SEO Services has been around for more than 12 years. Its success has been,0
WHAT PEOPLE SAY ABOUT SOLOMON DESIGNS TECHNICAL SEO SERVICES,https://solomondesigns.co.uk#services,Solomon Designs is a Technical SEO Services Company Solomon Designs Technical SEO Services has been around for more than 12 years. Its success has been,0
How Google Uses PageSpeed Insights,https://solomondesigns.co.uk/2024/06/13/what-is-google-page-speed-insights-tool/,"Google Pagespeed Insights Optimization,also known as PSI, is an online Google tool that evaluates the loading speed of a web page.",0
Technical SEO best practices,https://ahrefs.com/blog/seo-checklist/#technical-seo-checklist,Technical SEO is the practice of increasing online visibility in search engine results pages.,0
What is a B2B Website?,https://solomondesigns.co.uk/the-average-cost-of-website-design-for-small-to-medium-businesses/,The Solomon Designs B2B (Business to Business) website team focuses on building websites.,0
Our WordPress Website Design Work & Case Studies,https://solomondesigns.co.uk/the-average-cost-of-website-design-for-small-to-medium-businesses/,"As smartphone and tablet adoption rapidly increases, so does the importance of mobile-friendly websites.",0
What is the average cost of website design for a small business?,https://solomondesigns.co.uk/2019/06/05/what-kind-of-website-can-i-build-with-wordpress/,There are several different types of websites that could be broken down into eight different categories.,0
Key features,https://solomondesigns.co.uk/2021/11/08/what-to-look-for-in-a-friendly-content-management-system/,"Joomla! is a free and open-source, award-winning content management system (CMS) for publishing web content.",0
Squarespace Website,https://solomondesigns.co.uk/the-average-cost-of-website-design-for-small-to-medium-businesses/,Squarespace is an American SaaS-based website building and hosting company. It provides software as a service for website building and hosting.,0
Why Choose Shopify?,https://solomondesigns.co.uk/work/,Several platforms exist to make it easier than ever to launch an e-commerce store.,0
Regular Website Maintenance,https://solomondesigns.co.uk/work/,Website maintenance refers to the tasks required to keep your website functioning properly and up to date.,0
SEO Audit,https://solomondesigns.co.uk/seo-services/,"We are experts at ranking websites at the top of search engines like Google, driving traffic, and increasing sales with WordPress-specific Search Engines",0
Why we Recommend WordPress,https://solomondesigns.co.uk/the-average-cost-of-website-design-for-small-to-medium-businesses/,We're a small team passionate about building great websites for clients across Scotland and beyond. We create high-quality websites.,0
Typical WordPress SEO Challenges,https://solomondesigns.co.uk/work/,"WordPress is the world's most popular content management system, which runs 35% of the entire internet.",0
WordPress SEO,https://solomondesigns.co.uk/wordpress-seo-services/,WordPress started out as a blogging platform in 2003 but quickly pivoted.,0
What Slows Down Your WordPress Website?,https://en.wikipedia.org/wiki/Search_engine_optimization,We work close with our clients to provide affordable speed optimization services that brin results and return of investment.,0
What is WordPress Website Maintenance?,https://solomondesigns.co.uk/work/,"WordPress is relatively easy to set up, with many customizable options, plugins, themes, and other appealing choices.",0
Why WordPress Management and Support is important?,https://en.wikipedia.org/wiki/Common_Vulnerabilities_and_Exposures,WordPress Management and Support is another WordPress service that is very popular among site owners.,0
WooCommerce SEO & Website Search Engine Optimization Services,https://solomondesigns.co.uk/2021/11/17/interview-with-konstantinos-mavrokefalos-founder-of-solomon-designs/,"I am going to Optimize your WooCommerce E-shop for SEO, perform competitors keywords analysis and keyword research. All in Low Prices.",0
Benefits of choosing WooCommerce Services,https://solomondesigns.co.uk/work/,A smart WooCommerce development plan allows you to create a robust e-commerce business at a low cost.,0
Improve Visibility/Traffic/Conversions,https://solomondesigns.co.uk/work/,When it comes to SEO you need a solid plan and results. We provide guidance in every step and Before/ After Reports.,0
Why WordPress Is the Best CMS for SEO,https://analytics.google.com/analytics/web/,WordPress is the best CMS for SEO. The bigger idea is to make decisions based on real data. Not people's opinions.,0
How lead generation works,https://solomondesigns.co.uk/work/,"A lead is any person who indicates interest in a company's product or service in some way, shape, or form.",0
How B2B SEO Actually Works,https://solomondesigns.co.uk/2021/11/02/b2b-seo-why-is-it-unique/,Business-to-Business (B2B) SEO is a strategy using various techniques that's goal is to increase organic search engine traffic and rankings.,0
E-Commerce SEO with Solomon Designs Best Practices,https://solomondesigns.co.uk/search-engine-seo/,SEO for e-commerce is a strategy that helps web retailers rank higher in search engine results.,0
SPEED & TECHNICAL SEO SERVICES OPTIMIZATION WORK,https://outactkefalonia.gr/,"We work with ambitious brands and help them sell more. At Solomon Designs, we've got the experts to make it happen.",0
What is Google Page Speed Insights tool,https://solomondesigns.co.uk/2024/06/13/what-is-google-page-speed-insights-tool/,Solomon Designs Blog,0
How to do SEO on a WordPress Website,https://solomondesigns.co.uk/2021/12/16/how-to-do-seo-on-a-wordpress-website/,Solomon Designs Blog,0
What is Google Speed Insights?,https://solomondesigns.co.uk/2021/12/16/what-is-google-speed-insights/,Solomon Designs Blog,0
WordPress Website Builder,https://solomondesigns.co.uk/2021/12/15/wordpress-website-builder/,Solomon Designs Blog,0
Is WordPress bad for SEO?,https://solomondesigns.co.uk/2021/12/13/is-wordpress-bad-for-seo/,Solomon Designs Blog,0
Why is Regular Maintenance Important For Your Website?,https://solomondesigns.co.uk/2021/12/09/why-is-regular-maintenance-important-for-your-website/,Solomon Designs Blog,0
What do SEO Consultants do?,https://solomondesigns.co.uk/2021/12/09/what-do-seo-consultants-do/,Solomon Designs Blog,0
How can I select the right Web development agency?,https://solomondesigns.co.uk/2021/12/08/__trashed/,Solomon Designs Blog,0
How long does effective SEO usually take?,https://solomondesigns.co.uk/2021/11/29/how-long-does-effective-seo-usually-take/,Solomon Designs Blog,0
Interview with founder Konstantinos Mavrokefalos,https://solomondesigns.co.uk/2021/11/17/interview-with-konstantinos-mavrokefalos-founder-of-solomon-designs/,Solomon Designs Blog,0
No headline,https://solomondesigns.co.uk/design-services,"At Solomon Designs, we offer all kinds of development services! Contact us for a free quote.",0
Our WordPress Website Design Work & Case Studies,https://solomondesigns.co.uk/the-average-cost-of-website-design-for-small-to-medium-businesses/,"As smartphone and tablet adoption rapidly increases, so does the importance of mobile-friendly websites.",0
,https://solomondesigns.co.uk/2021/11/08/what-is-seo-search-engine-optimization/,"SEO stands for “search engine optimization.” In simple terms, it means the process of improving your site to increase its visibility.",0
WHAT PEOPLE SAY ABOUT SOLOMON DESIGNS TECHNICAL SEO SERVICES,https://solomondesigns.co.uk#services,Solomon Designs is a Technical SEO Services Company Solomon Designs Technical SEO Services has been around for more than 12 years. Its success has been,0
First Steps: Vision,http://hypnotherapyinsheffield.co.uk,What you will learn First Steps: Vision Setup your technical ecosystem WordPress/Joomla! Become a Website Builder Become an E-shop Builder Become a,0
Choose the Right Platform,https://solomondesigns.co.uk/2021/10/17/how-to-do-seo-on-wp-website/,"Each strategy is personalized, depending on the client's goals, target audience, and the improvements that a website or app needs in order to be successful",1
No headline,https://solomondesigns.co.uk/2021/10/17/how-to-do-seo-on-wp-website/,Google and other search engines use advanced algorithms to understand and rank pages appropriately in search results.,1
No headline,https://solomondesigns.co.uk/2021/10/17/how-to-do-seo-on-wp-website/,Google and other search engines use advanced algorithms to understand and rank pages appropriately in search results.,1
How to do SEO on a WordPress Website,https://solomondesigns.co.uk/2021/12/16/how-to-do-seo-on-a-wordpress-website/,No description,2
What is Google Speed Insights?,https://solomondesigns.co.uk/2021/12/16/what-is-google-speed-insights/,No description,2
WordPress Website Builder,https://solomondesigns.co.uk/2021/12/15/wordpress-website-builder/,No description,2
Is WordPress bad for SEO?,https://solomondesigns.co.uk/2021/12/13/is-wordpress-bad-for-seo/,No description,2
Why is Regular Maintenance Important For Your Website?,https://solomondesigns.co.uk/2021/12/09/why-is-regular-maintenance-important-for-your-website/,No description,2
What do SEO Consultants do?,https://solomondesigns.co.uk/2021/12/09/what-do-seo-consultants-do/,No description,2
How can I select the right Web development agency?,https://solomondesigns.co.uk/2021/12/08/__trashed/,No description,2
How long does effective SEO usually take?,https://solomondesigns.co.uk/2021/11/29/how-long-does-effective-seo-usually-take/,No description,2
What is a technical SEO?,https://solomondesigns.co.uk/2021/11/16/what-is-a-technical-seo/,No description,2
What to look for in a friendly Content Management System,https://solomondesigns.co.uk/2021/11/08/what-to-look-for-in-a-friendly-content-management-system/,No description,2
WordPress SEO BasicsChoose a Reliable Hosting Provider,https://solomondesigns.co.uk/2021/12/16/how-to-do-seo-on-a-wordpress-website/,Don’t expect WordPress to be a magic wand just because you installed it. It takes some time and effort.,2
WHAT PEOPLE SAY ABOUT SOLOMON DESIGNS TECHNICAL SEO SERVICES,https://solomondesigns.co.uk#services,Solomon Designs is a Technical SEO Services Company Solomon Designs Technical SEO Services has been around for more than 12 years. Its success has been,2
WHAT PEOPLE SAY ABOUT SOLOMON DESIGNS TECHNICAL SEO SERVICES,https://solomondesigns.co.uk#services,Solomon Designs is a Technical SEO Services Company Solomon Designs Technical SEO Services has been around for more than 12 years. Its success has been,2
WHAT PEOPLE SAY ABOUT SOLOMON DESIGNS TECHNICAL SEO SERVICES,https://solomondesigns.co.uk#services,Solomon Designs is a Technical SEO Services Company Solomon Designs Technical SEO Services has been around for more than 12 years. Its success has been,2
WHAT PEOPLE SAY ABOUT SOLOMON DESIGNS TECHNICAL SEO SERVICES,https://solomondesigns.co.uk#services,Solomon Designs is a Technical SEO Services Company Solomon Designs Technical SEO Services has been around for more than 12 years. Its success has been,2
Technical SEO best practices,https://ahrefs.com/blog/seo-checklist/#technical-seo-checklist,Technical SEO is the practice of increasing online visibility in search engine results pages.,2
How to Use the Google Page Speed Insights Tool,https://solomondesigns.co.uk/2024/06/13/what-is-google-page-speed-insights-tool/,What Is Google Page Speed Insights? Google PageSpeed Insights is a tool developed by Google to help website owners analyze and optimize the performance of,3
How to Use the Google Page Speed Insights Tool,https://solomondesigns.co.uk/2024/06/13/what-is-google-page-speed-insights-tool/,What Is Google Page Speed Insights? Google PageSpeed Insights is a tool developed by Google to help website owners analyze and optimize the performance of,3
What is Google Page Speed Insights tool,https://solomondesigns.co.uk/2024/06/13/what-is-google-page-speed-insights-tool/,No description,4
Hello world!,https://solomondesigns.co.uk/2020/10/16/hello-world/,No description,4
Design Rush,https://solomondesigns.co.uk/2020/01/08/design-rush/,No description,4
Because we Love what we Do!,https://solomondesigns.co.uk/2018/12/10/because-we-love-what-we-do/,No description,4
How to Use the Google Page Speed Insights Tool,https://solomondesigns.co.uk/2024/06/13/what-is-google-page-speed-insights-tool/,What Is Google Page Speed Insights? Google PageSpeed Insights is a tool developed by Google to help website owners analyze and optimize the performance of,4
The Importance of a Domain Name,https://solomondesigns.co.uk/2019/05/10/the-importance-of-a-domain-name/,No description,5
Having your own domain name for your business is very important. Having the right domain name is equally important. And here is why:,https://solomondesigns.co.uk/2019/05/10/the-importance-of-a-domain-name/,Having your own domain name for your business is very important. Having the right domain name is equally important. And here is why: #1. Credibility,5
WHAT PEOPLE SAY ABOUT SOLOMON DESIGNS TECHNICAL SEO SERVICES,https://solomondesigns.co.uk#services,Solomon Designs is a Technical SEO Services Company Solomon Designs Technical SEO Services has been around for more than 12 years. Its success has been,5
Why you need a WordPress Seo Consultant.,https://solomondesigns.co.uk/2021/10/13/wordpress-seo-consultant/,SEO Consultants are the front-line workers providing not only consulting but hands-on internet marketing fulfillment services.,5
Why you need a WordPress Seo Consultant.,https://solomondesigns.co.uk/2021/10/13/wordpress-seo-consultant/,SEO Consultants are the front-line workers providing not only consulting but hands-on internet marketing fulfillment services.,5
Technical SEO best practices,https://ahrefs.com/blog/seo-checklist/#technical-seo-checklist,Technical SEO is the practice of increasing online visibility in search engine results pages.,5
Technical SEO Checklist,https://solomondesigns.co.uk/2021/12/16/what-is-google-speed-insights/,Speed Index is a Google Lighthouse performance metric that shows how quickly the content of a page is loaded and visible for the user.,5
Technical SEO Checklist,https://solomondesigns.co.uk/2021/12/16/what-is-google-speed-insights/,Speed Index is a Google Lighthouse performance metric that shows how quickly the content of a page is loaded and visible for the user.,5
,https://solomondesigns.co.uk/2021/10/19/google-pagespeed-insights-optimization/,"What is Google PageSpeed Insights OptimizationPageSpeed Insights, also known as PSI, is an online Google tool that evaluates the loading speed of a page",5
,https://solomondesigns.co.uk/2021/10/19/google-pagespeed-insights-optimization/,"What is Google PageSpeed Insights OptimizationPageSpeed Insights, also known as PSI, is an online Google tool that evaluates the loading speed of a page",5
How to do SEO on a WordPress Website,https://solomondesigns.co.uk/2021/12/16/how-to-do-seo-on-a-wordpress-website/,No description,6
What is Google Speed Insights?,https://solomondesigns.co.uk/2021/12/16/what-is-google-speed-insights/,No description,6
WordPress Website Builder,https://solomondesigns.co.uk/2021/12/15/wordpress-website-builder/,No description,6
Is WordPress bad for SEO?,https://solomondesigns.co.uk/2021/12/13/is-wordpress-bad-for-seo/,No description,6
Why is Regular Maintenance Important For Your Website?,https://solomondesigns.co.uk/2021/12/09/why-is-regular-maintenance-important-for-your-website/,No description,6
What do SEO Consultants do?,https://solomondesigns.co.uk/2021/12/09/what-do-seo-consultants-do/,No description,6
How can I select the right Web development agency?,https://solomondesigns.co.uk/2021/12/08/__trashed/,No description,6
How long does effective SEO usually take?,https://solomondesigns.co.uk/2021/11/29/how-long-does-effective-seo-usually-take/,No description,6
Interview with founder Konstantinos Mavrokefalos,https://solomondesigns.co.uk/2021/11/17/interview-with-konstantinos-mavrokefalos-founder-of-solomon-designs/,No description,6
What is a technical SEO?,https://solomondesigns.co.uk/2021/11/16/what-is-a-technical-seo/,No description,6
WordPress SEO BasicsChoose a Reliable Hosting Provider,https://solomondesigns.co.uk/2021/12/16/how-to-do-seo-on-a-wordpress-website/,Don’t expect WordPress to be a magic wand just because you installed it. It takes some time and effort.,6
WordPress SEO BasicsChoose a Reliable Hosting Provider,https://solomondesigns.co.uk/2021/12/16/how-to-do-seo-on-a-wordpress-website/,Don’t expect WordPress to be a magic wand just because you installed it. It takes some time and effort.,6
No headline,https://solomondesigns.co.uk/2021/11/16/what-is-a-technical-seo/,Technical SEO refers to improving the technical aspects of a website in order to increase the ranking factor of its pages in the search engines.,6
No headline,https://solomondesigns.co.uk/2021/11/16/what-is-a-technical-seo/,Technical SEO refers to improving the technical aspects of a website in order to increase the ranking factor of its pages in the search engines.,6
,https://solomondesigns.co.uk/2021/11/03/why-is-content-marketing-important/,"Content marketing is important because it answers your audience's questions and helps you build trust, and relationships, and generate leads.",6
,https://solomondesigns.co.uk/2021/11/03/why-is-content-marketing-important/,"Content marketing is important because it answers your audience's questions and helps you build trust, and relationships, and generate leads.",6
,https://solomondesigns.co.uk/2021/11/08/what-types-of-content-marketing-are-there/,"The terms ""content,"" ""content marketing,"" ""content marketing strategy,"" ""content marketing plan,"" and phrases with similar vocabulary are everywhere.",6
,https://solomondesigns.co.uk/2021/11/08/what-types-of-content-marketing-are-there/,"The terms ""content,"" ""content marketing,"" ""content marketing strategy,"" ""content marketing plan,"" and phrases with similar vocabulary are everywhere.",6
,https://solomondesigns.co.uk/2021/10/27/what-is-a-buyer-persona/,A buyer persona is a research-based profile that depicts a target customer. Buyer personas describe who your ideal customers are.,6
,https://solomondesigns.co.uk/2021/10/27/what-is-a-buyer-persona/,A buyer persona is a research-based profile that depicts a target customer. Buyer personas describe who your ideal customers are.,6
,https://solomondesigns.co.uk/2021/11/08/why-does-an-ecommerce-business-need-seo/,SEO for e-commerce is a strategy that helps web retailers rank higher in search engine results.,6
,https://solomondesigns.co.uk/2021/11/08/why-does-an-ecommerce-business-need-seo/,SEO for e-commerce is a strategy that helps web retailers rank higher in search engine results.,6
,https://solomondesigns.co.uk/2021/11/29/how-long-does-effective-seo-usually-take/,Success factors related to SEO campaigns are often used as proxies for aspects of the user experience. It's how search bots estimate a website.,6
,https://solomondesigns.co.uk/2021/11/29/how-long-does-effective-seo-usually-take/,Success factors related to SEO campaigns are often used as proxies for aspects of the user experience. It's how search bots estimate a website.,6
Why do you need a WordPress SEO Expert,https://solomondesigns.co.uk/2021/10/13/wordpress-seo-expert/,"When you're launching new services or products, redesigning your WordPress website, or building out new content, SEO expertise is essential.",6
Why do you need a WordPress SEO Expert,https://solomondesigns.co.uk/2021/10/13/wordpress-seo-expert/,"When you're launching new services or products, redesigning your WordPress website, or building out new content, SEO expertise is essential.",6
When and how did you start your business? Is there an interesting story here?,https://solomondesigns.co.uk/2021/11/17/interview-with-konstantinos-mavrokefalos-founder-of-solomon-designs/,Kostas Mavrokefalos is the Founder and CEO of Solomon Designs- a leading web agency based in the UK.,6
When and how did you start your business? Is there an interesting story here?,https://solomondesigns.co.uk/2021/11/17/interview-with-konstantinos-mavrokefalos-founder-of-solomon-designs/,Kostas Mavrokefalos is the Founder and CEO of Solomon Designs- a leading web agency based in the UK.,6
Interview with founder Konstantinos Mavrokefalos,https://solomondesigns.co.uk/2021/11/17/interview-with-konstantinos-mavrokefalos-founder-of-solomon-designs/,No description,7
When and how did you start your business? Is there an interesting story here?,https://solomondesigns.co.uk/2021/11/17/interview-with-konstantinos-mavrokefalos-founder-of-solomon-designs/,Kostas Mavrokefalos is the Founder and CEO of Solomon Designs- a leading web agency based in the UK.,7
Checking a Thunderbird Email Account,https://solomondesigns.co.uk/2019/06/05/thunderbird-email-account/,No description,8
Updated: How to Set Up Mac Mail,https://solomondesigns.co.uk/2019/06/05/updated-how-to-set-up-mac-mail/,No description,8
How to set up Mac Mail,https://solomondesigns.co.uk/2019/06/05/how-to-set-up-mac-mail/,No description,8
Viewing your Email Settings in cPanel and Webmail,https://solomondesigns.co.uk/2019/06/05/viewing-your-email-settings-in-cpanel-and-webmail/,No description,8
How to Set Up your Email in Outlook 2011 for the Mac,https://solomondesigns.co.uk/2019/06/05/how-to-set-up-your-email-in-outlook-2011-for-the-mac/,No description,8
How to Setup Outlook 2016 for Windows,https://solomondesigns.co.uk/2019/06/05/how-to-setup-outlook-2016-for-windows/,No description,8
This article teaches you all about checking a Thunderbird email account. We will only need to create a mailbox in Thunderbird. Below are the step by step instructions.,https://solomondesigns.co.uk/2019/06/05/thunderbird-email-account/,This article teaches you all about checking a Thunderbird email account. We will only need to create a mailbox in Thunderbird. Below are the step by,8
This article teaches you all about checking a Thunderbird email account. We will only need to create a mailbox in Thunderbird. Below are the step by step instructions.,https://solomondesigns.co.uk/2019/06/05/thunderbird-email-account/,This article teaches you all about checking a Thunderbird email account. We will only need to create a mailbox in Thunderbird. Below are the step by,8
The following tutorial will demonstrate how to setup a mail account in the Apple Mail client (also known as MacMail).,https://solomondesigns.co.uk/2019/06/05/updated-how-to-set-up-mac-mail/,The following tutorial will demonstrate how to setup a mail account in the Apple Mail client (also known as MacMail).  This tutorial is using,8
The following tutorial will demonstrate how to setup a mail account in the Apple Mail client (also known as MacMail).,https://solomondesigns.co.uk/2019/06/05/updated-how-to-set-up-mac-mail/,The following tutorial will demonstrate how to setup a mail account in the Apple Mail client (also known as MacMail).  This tutorial is using,8
"The following tutorial will show you how set up your email accounts in the default Apple email client, Mac Mail.",https://solomondesigns.co.uk/2019/06/05/how-to-set-up-mac-mail/,"The following tutorial will show you how set up your email accounts in the default Apple email client, Mac Mail. If you are using a newer version of Mac",8
"The following tutorial will show you how set up your email accounts in the default Apple email client, Mac Mail.",https://solomondesigns.co.uk/2019/06/05/how-to-set-up-mac-mail/,"The following tutorial will show you how set up your email accounts in the default Apple email client, Mac Mail. If you are using a newer version of Mac",8
"In order to set up email clients like Outlook, Mac mail, or Thunderbird you need your email settings from cPanel. This article guides you through how to locate them.",https://solomondesigns.co.uk/2019/06/05/viewing-your-email-settings-in-cpanel-and-webmail/,"In order to set up email clients like Outlook, Mac mail, or Thunderbird you need your email settings from cPanel. This article guides you through how to",8
"In order to set up email clients like Outlook, Mac mail, or Thunderbird you need your email settings from cPanel. This article guides you through how to locate them.",https://solomondesigns.co.uk/2019/06/05/viewing-your-email-settings-in-cpanel-and-webmail/,"In order to set up email clients like Outlook, Mac mail, or Thunderbird you need your email settings from cPanel. This article guides you through how to",8
Outlook 2011 is a version of Microsoft Outlook available for the Mac computer. Here’s how you can set it up as an email client to send and receive email from your email host,https://solomondesigns.co.uk/2019/06/05/how-to-set-up-your-email-in-outlook-2011-for-the-mac/,Outlook 2011 is a version of Microsoft Outlook available for the Mac computer. Here's how you can set it up as an email client to send and receive email,8
Outlook 2011 is a version of Microsoft Outlook available for the Mac computer. Here’s how you can set it up as an email client to send and receive email from your email host,https://solomondesigns.co.uk/2019/06/05/how-to-set-up-your-email-in-outlook-2011-for-the-mac/,Outlook 2011 is a version of Microsoft Outlook available for the Mac computer. Here's how you can set it up as an email client to send and receive email,8
A common task when first getting into Outlook 2016 is setting up an account. Once the account is created and added you will be able to manage your emails using the Outlook 2016 email client.,https://solomondesigns.co.uk/2019/06/05/how-to-setup-outlook-2016-for-windows/,A common task when first getting into Outlook 2016 is setting up an account. Once the account is created and added you will be able to manage your emails,8
A common task when first getting into Outlook 2016 is setting up an account. Once the account is created and added you will be able to manage your emails using the Outlook 2016 email client.,https://solomondesigns.co.uk/2019/06/05/how-to-setup-outlook-2016-for-windows/,A common task when first getting into Outlook 2016 is setting up an account. Once the account is created and added you will be able to manage your emails,8
"As you may not be familiar with the WordPress default template, here’s some basic information that will help you figure it out",https://solomondesigns.co.uk/2019/06/05/the-wordpress-site-structure-explained/,"As you may not be familiar with the WordPress default template, here's some basic information that will help you figure it out Now that WordPress is",8
"As you may not be familiar with the WordPress default template, here’s some basic information that will help you figure it out",https://solomondesigns.co.uk/2019/06/05/the-wordpress-site-structure-explained/,"As you may not be familiar with the WordPress default template, here's some basic information that will help you figure it out Now that WordPress is",8
The WordPress Site Structure Explained,https://solomondesigns.co.uk/2019/06/05/the-wordpress-site-structure-explained/,No description,9
How to log in to WordPress,https://solomondesigns.co.uk/2019/06/05/how-to-log-in-to-wordpress/,No description,9
Configuring your WordPress Home Page,https://solomondesigns.co.uk/2019/06/05/configuring-your-wordpress-home-page/,No description,9
WordPress Pages vs Posts,https://solomondesigns.co.uk/2019/06/05/wordpress-pages-vs-posts/,No description,9
Creating a link in WordPress,https://solomondesigns.co.uk/2019/06/05/creating-a-link-in-wordpress/,No description,9
"As you may not be familiar with the WordPress default template, here’s some basic information that will help you figure it out",https://solomondesigns.co.uk/2019/06/05/the-wordpress-site-structure-explained/,"As you may not be familiar with the WordPress default template, here's some basic information that will help you figure it out Now that WordPress is",9
Let’s start with the basics and see how you log in to WordPress,https://solomondesigns.co.uk/2019/06/05/how-to-log-in-to-wordpress/,"Let's start with the basics and see how you log in to WordPress Once you have completed the installation of WordPress, you can login to your dashboard.",9
Let’s start with the basics and see how you log in to WordPress,https://solomondesigns.co.uk/2019/06/05/how-to-log-in-to-wordpress/,"Let's start with the basics and see how you log in to WordPress Once you have completed the installation of WordPress, you can login to your dashboard.",9
"The first impression is the most important, so what you need to do is configure your home page. Here’s how to do it",https://solomondesigns.co.uk/2019/06/05/configuring-your-wordpress-home-page/,"The first impression is the most important, so what you need to do is configure your home page. Here's how to do it WordPress allows you to control what",9
"The first impression is the most important, so what you need to do is configure your home page. Here’s how to do it",https://solomondesigns.co.uk/2019/06/05/configuring-your-wordpress-home-page/,"The first impression is the most important, so what you need to do is configure your home page. Here's how to do it WordPress allows you to control what",9
What are pages and what are posts? The most common question of WordPress users is answered here:,https://solomondesigns.co.uk/2019/06/05/wordpress-pages-vs-posts/,What are pages and what are posts? The most common question of WordPress users is answered here: When you begin to create your first website with,9
What are pages and what are posts? The most common question of WordPress users is answered here:,https://solomondesigns.co.uk/2019/06/05/wordpress-pages-vs-posts/,What are pages and what are posts? The most common question of WordPress users is answered here: When you begin to create your first website with,9
"Adding links to your pages and posts in WordPress is not hard at all, as long as you know how to do it",https://solomondesigns.co.uk/2019/06/05/creating-a-link-in-wordpress/,"Adding links to your pages and posts in WordPress is not hard at all, as long as you know how to do it When working with your WordPress pages and posts,",9
"Adding links to your pages and posts in WordPress is not hard at all, as long as you know how to do it",https://solomondesigns.co.uk/2019/06/05/creating-a-link-in-wordpress/,"Adding links to your pages and posts in WordPress is not hard at all, as long as you know how to do it When working with your WordPress pages and posts,",9
"WordPress is not only for blogging, as we already said in a previous post. However, what you don’t know is what kind of website you can build with WordPress!",https://solomondesigns.co.uk/2019/06/05/what-kind-of-website-can-i-build-with-wordpress/,"WordPress is not only for blogging, as we already said in a previous post. However, what you don't know is what kind of website you can build with",9
"WordPress is not only for blogging, as we already said in a previous post. However, what you don’t know is what kind of website you can build with WordPress!",https://solomondesigns.co.uk/2019/06/05/what-kind-of-website-can-i-build-with-wordpress/,"WordPress is not only for blogging, as we already said in a previous post. However, what you don't know is what kind of website you can build with",9
What kind of website can I build with WordPress?,https://solomondesigns.co.uk/2019/06/05/what-kind-of-website-can-i-build-with-wordpress/,No description,10
WordPress Basics,https://solomondesigns.co.uk/2019/05/31/wordpress-basics/,No description,10
Why choose WordPress?,https://solomondesigns.co.uk/2019/05/06/why-choose-wordpress/,No description,10
"WordPress is not only for blogging, as we already said in a previous post. However, what you don’t know is what kind of website you can build with WordPress!",https://solomondesigns.co.uk/2019/06/05/what-kind-of-website-can-i-build-with-wordpress/,"WordPress is not only for blogging, as we already said in a previous post. However, what you don't know is what kind of website you can build with",10
"WordPress is the most popular platform to create a website and there are various reasons for this massive preference. But, what is WordPress? Why do people choose it? Is it free?",https://solomondesigns.co.uk/2019/05/31/wordpress-basics/,"WordPress is the most popular platform to create a website and there are various reasons for this massive preference. But, what is WordPress? Why do",10
"WordPress is the most popular platform to create a website and there are various reasons for this massive preference. But, what is WordPress? Why do people choose it? Is it free?",https://solomondesigns.co.uk/2019/05/31/wordpress-basics/,"WordPress is the most popular platform to create a website and there are various reasons for this massive preference. But, what is WordPress? Why do",10
"Web hosting is important and to avoid making a mistake that could cost you a lot, make sure you look for the following 7 things:",https://solomondesigns.co.uk/2019/05/27/what-to-look-for-in-a-web-host/,"Web hosting is important and to avoid making a mistake that could cost you a lot, make sure you look for the following 7 things: #1. Reliability,",10
"Web hosting is important and to avoid making a mistake that could cost you a lot, make sure you look for the following 7 things:",https://solomondesigns.co.uk/2019/05/27/what-to-look-for-in-a-web-host/,"Web hosting is important and to avoid making a mistake that could cost you a lot, make sure you look for the following 7 things: #1. Reliability,",10
What to look for in a Web Host,https://solomondesigns.co.uk/2019/05/27/what-to-look-for-in-a-web-host/,No description,11
Types of Web Hosting,https://solomondesigns.co.uk/2019/05/27/types-of-web-hosting/,No description,11
What is Web Hosting?,https://solomondesigns.co.uk/2019/05/24/what-is-web-hosting/,No description,11
How to install Joomla 3 on a Linux VPS Server,https://solomondesigns.co.uk/2018/12/10/how-to-install-joomla-3-on-a-linux-vps-server/,No description,11
"Web hosting is important and to avoid making a mistake that could cost you a lot, make sure you look for the following 7 things:",https://solomondesigns.co.uk/2019/05/27/what-to-look-for-in-a-web-host/,"Web hosting is important and to avoid making a mistake that could cost you a lot, make sure you look for the following 7 things: #1. Reliability,",11
"You might think you know what a successful website looks like, but we would advise you to take a look at this blog post that we prepared for you, with a valuable list of characteristics you need to adopt, if you want your website to hit the top!",https://solomondesigns.co.uk/2019/05/07/the-characteristics-of-a-successful-website/,"You might think you know what a successful website looks like, but we would advise you to take a look at this blog post that we prepared for you, with a",11
"You might think you know what a successful website looks like, but we would advise you to take a look at this blog post that we prepared for you, with a valuable list of characteristics you need to adopt, if you want your website to hit the top!",https://solomondesigns.co.uk/2019/05/07/the-characteristics-of-a-successful-website/,"You might think you know what a successful website looks like, but we would advise you to take a look at this blog post that we prepared for you, with a",11
Top Questions to Ask your Web Developer,https://solomondesigns.co.uk/2019/05/13/top-questions-to-ask-your-web-developer/,No description,12
How to Choose the Right Web Developer,https://solomondesigns.co.uk/2019/05/09/how-to-choose-the-right-web-developer/,No description,12
The Characteristics of a Successful Website,https://solomondesigns.co.uk/2019/05/07/the-characteristics-of-a-successful-website/,No description,12
Identifying What you Want,https://solomondesigns.co.uk/2019/05/07/identifying-what-you-want/,No description,12
What does your Web Developer actually do for you?,https://solomondesigns.co.uk/2019/05/06/what-does-your-web-developer-actually-do-for-you/,No description,12
What do you really need to build your first website?,https://solomondesigns.co.uk/2019/05/06/what-do-you-really-need-to-build-your-first-website/,No description,12
"You know you want a web developer, but you don’t know what to ask them. Here’s a list of useful questions you might need to ask:",https://solomondesigns.co.uk/2019/05/13/top-questions-to-ask-your-web-developer/,"You know you want a web developer, but you don't know what to ask them. Here's a list of useful questions you might need to ask: #1. How long have you",12
"You know you want a web developer, but you don’t know what to ask them. Here’s a list of useful questions you might need to ask:",https://solomondesigns.co.uk/2019/05/13/top-questions-to-ask-your-web-developer/,"You know you want a web developer, but you don't know what to ask them. Here's a list of useful questions you might need to ask: #1. How long have you",12
"It’s not rare that people confuse web development with web design. In this article we explain what web design is, after presenting web development in the previous one. Take a look, it might clear the picture for you!",https://solomondesigns.co.uk/2019/05/13/what-is-web-design/,"It's not rare that people confuse web development with web design. In this article we explain what web design is, after presenting web development in the",12
"It’s not rare that people confuse web development with web design. In this article we explain what web design is, after presenting web development in the previous one. Take a look, it might clear the picture for you!",https://solomondesigns.co.uk/2019/05/13/what-is-web-design/,"It's not rare that people confuse web development with web design. In this article we explain what web design is, after presenting web development in the",12
The Importance of Web Design,https://solomondesigns.co.uk/2019/05/21/the-importance-of-web-design/,No description,13
What is Web Design?,https://solomondesigns.co.uk/2019/05/13/what-is-web-design/,No description,13
"Web design is extremely important for a website as it can either lift it to the top, or bury it to the bottoms of rankings. And here is why:",https://solomondesigns.co.uk/2019/05/21/the-importance-of-web-design/,"Web design is extremely important for a website as it can either lift it to the top, or bury it to the bottoms of rankings. And here is why: #1 Navigation",13
"Web design is extremely important for a website as it can either lift it to the top, or bury it to the bottoms of rankings. And here is why:",https://solomondesigns.co.uk/2019/05/21/the-importance-of-web-design/,"Web design is extremely important for a website as it can either lift it to the top, or bury it to the bottoms of rankings. And here is why: #1 Navigation",13
SEO seems to be the talk of the town lately and there are reasons for this. Do you want to know why?,https://solomondesigns.co.uk/2019/05/17/why-seo/,SEO seems to be the talk of the town lately and there are reasons for this. Do you want to know why? #1. Organic Search SEO means “Search Engine,13
SEO seems to be the talk of the town lately and there are reasons for this. Do you want to know why?,https://solomondesigns.co.uk/2019/05/17/why-seo/,SEO seems to be the talk of the town lately and there are reasons for this. Do you want to know why? #1. Organic Search SEO means “Search Engine,13
Why SEO?,https://solomondesigns.co.uk/2019/05/17/why-seo/,No description,14
SEO seems to be the talk of the town lately and there are reasons for this. Do you want to know why?,https://solomondesigns.co.uk/2019/05/17/why-seo/,SEO seems to be the talk of the town lately and there are reasons for this. Do you want to know why? #1. Organic Search SEO means “Search Engine,14
"Add social media links on your website, increase your traffic and achieve many other goals!",https://solomondesigns.co.uk/2019/06/05/website-development-agency-uk/,"Add social media links on your website, increase your traffic and achieve many other goals! #1. Increase website visitors, advice from website development",14
"Add social media links on your website, increase your traffic and achieve many other goals!",https://solomondesigns.co.uk/2019/06/05/website-development-agency-uk/,"Add social media links on your website, increase your traffic and achieve many other goals! #1. Increase website visitors, advice from website development",14
Website Development Agency UK: Website Traffic and Social Media,https://solomondesigns.co.uk/2019/06/05/website-development-agency-uk/,No description,15
"Add social media links on your website, increase your traffic and achieve many other goals!",https://solomondesigns.co.uk/2019/06/05/website-development-agency-uk/,"Add social media links on your website, increase your traffic and achieve many other goals! #1. Increase website visitors, advice from website development",15
No headline,https://solomondesigns.co.uk/author/infosolomonsoft-gr/,DesignRush is an online platform that helps businesses discover and connect with top design agencies. As a leading resource for companies seeking,15
No headline,https://solomondesigns.co.uk/author/infosolomonsoft-gr/,DesignRush is an online platform that helps businesses discover and connect with top design agencies. As a leading resource for companies seeking,15
No headline,https://solomondesigns.co.uk/author/infosolomonsoft-gr/,"Welcome to WordPress. This is your first post. Edit or delete it, then start writing!",15
No headline,https://wordpress.org/,"Welcome to WordPress. This is your first post. Edit or delete it, then start writing!",15
No headline,https://solomondesigns.co.uk/author/infosolomonsoft-gr/,"Welcome to WordPress. This is your first post. Edit or delete it, then start writing!",15
No headline,https://wordpress.org/,"Welcome to WordPress. This is your first post. Edit or delete it, then start writing!",15
No headline,https://solomondesigns.co.uk/author/infosolomonsoft-gr/,"Welcome to WordPress. This is your first post. Edit or delete it, then start writing!",15
No headline,https://wordpress.org/,"Welcome to WordPress. This is your first post. Edit or delete it, then start writing!",15
WHAT PEOPLE SAY ABOUT SOLOMON DESIGNS TECHNICAL SEO SERVICES,https://solomondesigns.co.uk#services,Solomon Designs is a Technical SEO Services Company Solomon Designs Technical SEO Services has been around for more than 12 years. Its success has been,15
No headline,https://solomondesigns.co.uk/2021/12/09/what-do-seo-consultants-do/,"Choosing the right web developer isn't always an easy business goal; however, there are some things you need to consider when choosing one.",15
No headline,https://solomondesigns.co.uk/2021/12/09/what-do-seo-consultants-do/,"Choosing the right web developer isn't always an easy business goal; however, there are some things you need to consider when choosing one.",15
No headline,https://solomondesigns.co.uk/2021/12/08/__trashed/,"Choosing the right web developer isn't always an easy business goal; however, there are some things you need to consider when choosing one.",15
No headline,https://solomondesigns.co.uk/2021/12/08/__trashed/,"Choosing the right web developer isn't always an easy business goal; however, there are some things you need to consider when choosing one.",15
How to Fight Cyber Attacks,https://solomondesigns.co.uk/2019/05/16/how-to-fight-cyber-attacks/,No description,16
"Statistically speaking, if you are the owner of a website, it is very common to face cyber attacks. And here’s how you can deal with them:",https://solomondesigns.co.uk/2019/05/16/how-to-fight-cyber-attacks/,"Statistically speaking, if you are the owner of a website, it is very common to face cyber attacks. And here's how you can deal with them: #1 PASSWORDS An",16
"Statistically speaking, if you are the owner of a website, it is very common to face cyber attacks. And here’s how you can deal with them:",https://solomondesigns.co.uk/2019/05/16/how-to-fight-cyber-attacks/,"Statistically speaking, if you are the owner of a website, it is very common to face cyber attacks. And here's how you can deal with them: #1 PASSWORDS An",16
How to install Joomla 3 on a Linux VPS Server,https://solomondesigns.co.uk/2018/12/10/how-to-install-joomla-3-on-a-linux-vps-server/,No description,17
How to install Zurb’s Foundation 6 with SASS compiler using the CLI on an Ubuntu PC p.2,https://solomondesigns.co.uk/2018/12/10/89-2/,No description,17
How to install Zurb’s Foundation 6 with SASS compiler using the CLI on an Ubuntu PC p.1,https://solomondesigns.co.uk/2018/12/10/how-to-install-zurbs-foundation-6-with-sass-compiler-using-the-cli-on-an-ubuntu-pc-p-1/,No description,17
No headline,https://solomondesigns.co.uk/2018/12/10/how-to-install-joomla-3-on-a-linux-vps-server/,"Hosting a web site on a shared hosting environment is convenient, but it doesn't offer you the flexibility we sometimes need. This is a case when we need",17
WHAT PEOPLE SAY ABOUT SOLOMON DESIGNS TECHNICAL SEO SERVICES,https://solomondesigns.co.uk#services,Solomon Designs is a Technical SEO Services Company Solomon Designs Technical SEO Services has been around for more than 12 years. Its success has been,17
,https://solomondesigns.co.uk/2021/11/08/why-did-wordpress-become-so-popular/,The answer to this question lies in its flexibility and ease of use. WordPress can be used by anyone.,17
,https://solomondesigns.co.uk/2021/11/08/why-did-wordpress-become-so-popular/,The answer to this question lies in its flexibility and ease of use. WordPress can be used by anyone.,17
,https://solomondesigns.co.uk/2021/11/08/what-to-look-for-in-a-friendly-content-management-system/,A CMS platform (content management system platform) is a piece of software that allows you to easily manage content and create a website.,17
,https://solomondesigns.co.uk/2021/11/08/what-to-look-for-in-a-friendly-content-management-system/,A CMS platform (content management system platform) is a piece of software that allows you to easily manage content and create a website.,17
No headline,https://solomondesigns.co.uk/2021/11/17/interview-with-konstantinos-mavrokefalos-founder-of-solomon-designs/,WooCommerce is one of the most popular open-source plugins in the world. It's used by thousands of websites around the globe.,17
On-Page SEO What is On-Page SEO?,https://solomondesigns.co.uk/seo-services/,"As a unique type of web platform, a website requires a specific type of digital marketing strategy.",17
Why do you need a WooCommerce Seo Expert?,https://solomondesigns.co.uk/2021/10/13/woocommerce-seo-experts/,"To sell your products, you need Organic Traffic to your site, once you start your new website.",17
Why do you need a WooCommerce Seo Expert?,https://solomondesigns.co.uk/2021/10/13/woocommerce-seo-experts/,"To sell your products, you need Organic Traffic to your site, once you start your new website.",17
Search Engine Optimization,https://solomondesigns.co.uk/2021/10/17/how-to-improve-seo-on-wp/,Search Engine Optimization (SEO) is the process of optimizing your site's presence on organic search engine results to increase traffic to your site.,17
Search Engine Optimization,https://solomondesigns.co.uk/2021/10/17/how-to-improve-seo-on-wp/,Search Engine Optimization (SEO) is the process of optimizing your site's presence on organic search engine results to increase traffic to your site.,17
Why do you need a WordPress Seo Company,https://solomondesigns.co.uk/2021/10/13/wordpress-seo-company/,"If you work with a top-rated SEO company that has experts in digital marketing, and web design development, then you can help drive traffic to your website",17
Why do you need a WordPress Seo Company,https://solomondesigns.co.uk/2021/10/13/wordpress-seo-company/,"If you work with a top-rated SEO company that has experts in digital marketing, and web design development, then you can help drive traffic to your website",17
What is Web Development?,https://solomondesigns.co.uk/2019/05/13/what-is-web-development/,No description,18
"It’s not rare that people confuse web development with web design. In this article we explain what web development is and in the next one we focus on web design. Take a look, it might clear the picture for you!",https://solomondesigns.co.uk/2019/05/13/what-is-web-development/,It's not rare that people confuse web development with web design. In this article we explain what web development is and in the next one we focus on web,18
"It’s not rare that people confuse web development with web design. In this article we explain what web development is and in the next one we focus on web design. Take a look, it might clear the picture for you!",https://solomondesigns.co.uk/2019/05/13/what-is-web-development/,It's not rare that people confuse web development with web design. In this article we explain what web development is and in the next one we focus on web,18
WHAT PEOPLE SAY ABOUT SOLOMON DESIGNS TECHNICAL SEO SERVICES,https://solomondesigns.co.uk#services,Solomon Designs is a Technical SEO Services Company Solomon Designs Technical SEO Services has been around for more than 12 years. Its success has been,18
What is an SEO Package?,https://solomondesigns.co.uk/2021/12/15/wordpress-website-builder/,Many beginners find it difficult to customize their WordPress page layouts.,18
What is an SEO Package?,https://solomondesigns.co.uk/2021/12/15/wordpress-website-builder/,Many beginners find it difficult to customize their WordPress page layouts.,18
But does SEO actually work?,https://solomondesigns.co.uk/2021/12/13/is-wordpress-bad-for-seo/,Search engine optimization is a collection of methods that website owners can use to increase their rankings in search engines like Google.,18
But does SEO actually work?,https://solomondesigns.co.uk/2021/12/13/is-wordpress-bad-for-seo/,Search engine optimization is a collection of methods that website owners can use to increase their rankings in search engines like Google.,18
No headline,https://solomondesigns.co.uk/2021/12/09/why-is-regular-maintenance-important-for-your-website/,"Choosing the right web developer isn't always an easy business goal; however, there are some things you need to consider when choosing one.",18
No headline,https://solomondesigns.co.uk/2021/12/09/why-is-regular-maintenance-important-for-your-website/,"Choosing the right web developer isn't always an easy business goal; however, there are some things you need to consider when choosing one.",18
"It’s not rare that people confuse web development with web design. In this article we explain what web development is and in the next one we focus on web design. Take a look, it might clear the picture for you!",https://solomondesigns.co.uk/2019/05/13/what-is-web-development/,It's not rare that people confuse web development with web design. In this article we explain what web development is and in the next one we focus on web,18
Technical SEO Checklist,https://solomondesigns.co.uk/2021/12/16/what-is-google-speed-insights/,Speed Index is a Google Lighthouse performance metric that shows how quickly the content of a page is loaded and visible for the user.,18
What is an SEO Package?,https://solomondesigns.co.uk/2021/12/15/wordpress-website-builder/,Many beginners find it difficult to customize their WordPress page layouts.,18
WHAT PEOPLE SAY ABOUT SOLOMON DESIGNS TECHNICAL SEO SERVICES,https://solomondesigns.co.uk#services,Solomon Designs is a Technical SEO Services Company Solomon Designs Technical SEO Services has been around for more than 12 years. Its success has been,19
WHAT PEOPLE SAY ABOUT SOLOMON DESIGNS TECHNICAL SEO SERVICES,https://solomondesigns.co.uk#services,Solomon Designs is a Technical SEO Services Company Solomon Designs Technical SEO Services has been around for more than 12 years. Its success has been,19
WHAT PEOPLE SAY ABOUT SOLOMON DESIGNS TECHNICAL SEO SERVICES,https://solomondesigns.co.uk#services,Solomon Designs is a Technical SEO Services Company Solomon Designs Technical SEO Services has been around for more than 12 years. Its success has been,19
WHAT PEOPLE SAY ABOUT SOLOMON DESIGNS TECHNICAL SEO SERVICES,https://solomondesigns.co.uk#services,Solomon Designs is a Technical SEO Services Company Solomon Designs Technical SEO Services has been around for more than 12 years. Its success has been,19
WHAT PEOPLE SAY ABOUT SOLOMON DESIGNS TECHNICAL SEO SERVICES,https://solomondesigns.co.uk#services,Solomon Designs is a Technical SEO Services Company Solomon Designs Technical SEO Services has been around for more than 12 years. Its success has been,19
WHAT PEOPLE SAY ABOUT SOLOMON DESIGNS TECHNICAL SEO SERVICES,https://solomondesigns.co.uk#services,Solomon Designs is a Technical SEO Services Company Solomon Designs Technical SEO Services has been around for more than 12 years. Its success has been,19
WHAT PEOPLE SAY ABOUT SOLOMON DESIGNS TECHNICAL SEO SERVICES,https://solomondesigns.co.uk#services,Solomon Designs is a Technical SEO Services Company Solomon Designs Technical SEO Services has been around for more than 12 years. Its success has been,19
WHAT PEOPLE SAY ABOUT SOLOMON DESIGNS TECHNICAL SEO SERVICES,https://solomondesigns.co.uk#services,Solomon Designs is a Technical SEO Services Company Solomon Designs Technical SEO Services has been around for more than 12 years. Its success has been,19
WHAT PEOPLE SAY ABOUT SOLOMON DESIGNS TECHNICAL SEO SERVICES,https://solomondesigns.co.uk#services,Solomon Designs is a Technical SEO Services Company Solomon Designs Technical SEO Services has been around for more than 12 years. Its success has been,19
,https://solomondesigns.co.uk/2021/11/08/how-to-identify-quality-leads/,Differentiating the good from the bad is one of the most important skills required for Lead Generation.,19
,https://solomondesigns.co.uk/2021/11/08/how-to-identify-quality-leads/,Differentiating the good from the bad is one of the most important skills required for Lead Generation.,19
No headline,https://solomondesigns.co.uk/2018/12/10/how-to-install-joomla-3-on-a-linux-vps-server/,"Hosting a web site on a shared hosting environment is convenient, but it doesn't offer you the flexibility we sometimes need. This is a case when we need",19
No headline,https://solomondesigns.co.uk/2018/12/10/89-2/,"In the second part of the Tutorial Install Foundation 6 on Ubuntu using cli, I will cover the use of Gulp as an automation handler. Gulp can help you",19
No headline,http://blog3001.xyz,"In the second part of the Tutorial Install Foundation 6 on Ubuntu using cli, I will cover the use of Gulp as an automation handler. Gulp can help you",19
No headline,https://solomondesigns.co.uk/2018/12/10/89-2/#comment-3,"In the second part of the Tutorial Install Foundation 6 on Ubuntu using cli, I will cover the use of Gulp as an automation handler. Gulp can help you",19
No headline,http://myexamsite.com.webstatsdomain.org/,"In the second part of the Tutorial Install Foundation 6 on Ubuntu using cli, I will cover the use of Gulp as an automation handler. Gulp can help you",19
No headline,https://solomondesigns.co.uk/2018/12/10/89-2/#comment-5,"In the second part of the Tutorial Install Foundation 6 on Ubuntu using cli, I will cover the use of Gulp as an automation handler. Gulp can help you",19
No headline,https://solomondesigns.co.uk/2018/12/10/89-2/,"In the second part of the Tutorial Install Foundation 6 on Ubuntu using cli, I will cover the use of Gulp as an automation handler. Gulp can help you",19
No headline,http://blog3001.xyz,"In the second part of the Tutorial Install Foundation 6 on Ubuntu using cli, I will cover the use of Gulp as an automation handler. Gulp can help you",19
No headline,https://solomondesigns.co.uk/2018/12/10/89-2/#comment-3,"In the second part of the Tutorial Install Foundation 6 on Ubuntu using cli, I will cover the use of Gulp as an automation handler. Gulp can help you",19
No headline,http://myexamsite.com.webstatsdomain.org/,"In the second part of the Tutorial Install Foundation 6 on Ubuntu using cli, I will cover the use of Gulp as an automation handler. Gulp can help you",19
No headline,https://solomondesigns.co.uk/2018/12/10/89-2/#comment-5,"In the second part of the Tutorial Install Foundation 6 on Ubuntu using cli, I will cover the use of Gulp as an automation handler. Gulp can help you",19
No headline,https://solomondesigns.co.uk/2018/12/10/how-to-install-zurbs-foundation-6-with-sass-compiler-using-the-cli-on-an-ubuntu-pc-p-1/,When it comes to Web Development writing pure code Zurb's Foundation 6 is one of the most reliable and easy to use Frameworks. Foundation 6 provides the,19
No headline,https://solomondesigns.co.uk/2018/12/10/how-to-install-zurbs-foundation-6-with-sass-compiler-using-the-cli-on-an-ubuntu-pc-p-1/,When it comes to Web Development writing pure code Zurb's Foundation 6 is one of the most reliable and easy to use Frameworks. Foundation 6 provides the,19
No headline,https://solomondesigns.co.uk/2018/12/10/89-2/,"In the second part of the Tutorial Install Foundation 6 on Ubuntu using cli, I will cover the use of Gulp as an automation handler. Gulp can help you",25
No headline,http://blog3001.xyz,"In the second part of the Tutorial Install Foundation 6 on Ubuntu using cli, I will cover the use of Gulp as an automation handler. Gulp can help you",25
No headline,https://solomondesigns.co.uk/2018/12/10/89-2/#comment-3,"In the second part of the Tutorial Install Foundation 6 on Ubuntu using cli, I will cover the use of Gulp as an automation handler. Gulp can help you",25
No headline,http://myexamsite.com.webstatsdomain.org/,"In the second part of the Tutorial Install Foundation 6 on Ubuntu using cli, I will cover the use of Gulp as an automation handler. Gulp can help you",25
No headline,https://solomondesigns.co.uk/2018/12/10/89-2/#comment-5,"In the second part of the Tutorial Install Foundation 6 on Ubuntu using cli, I will cover the use of Gulp as an automation handler. Gulp can help you",25
WHAT PEOPLE SAY ABOUT SOLOMON DESIGNS TECHNICAL SEO SERVICES,https://solomondesigns.co.uk#services,Solomon Designs is a Technical SEO Services Company Solomon Designs Technical SEO Services has been around for more than 12 years. Its success has been,25
No headline,https://solomondesigns.co.uk/2018/12/10/89-2/,"In the second part of the Tutorial Install Foundation 6 on Ubuntu using cli, I will cover the use of Gulp as an automation handler. Gulp can help you",25
No headline,http://blog3001.xyz,"In the second part of the Tutorial Install Foundation 6 on Ubuntu using cli, I will cover the use of Gulp as an automation handler. Gulp can help you",25
No headline,https://solomondesigns.co.uk/2018/12/10/89-2/#comment-3,"In the second part of the Tutorial Install Foundation 6 on Ubuntu using cli, I will cover the use of Gulp as an automation handler. Gulp can help you",25
No headline,http://myexamsite.com.webstatsdomain.org/,"In the second part of the Tutorial Install Foundation 6 on Ubuntu using cli, I will cover the use of Gulp as an automation handler. Gulp can help you",25
No headline,https://solomondesigns.co.uk/2018/12/10/89-2/#comment-5,"In the second part of the Tutorial Install Foundation 6 on Ubuntu using cli, I will cover the use of Gulp as an automation handler. Gulp can help you",25
WHAT PEOPLE SAY ABOUT SOLOMON DESIGNS TECHNICAL SEO SERVICES,https://solomondesigns.co.uk#services,Solomon Designs is a Technical SEO Services Company Solomon Designs Technical SEO Services has been around for more than 12 years. Its success has been,25
No headline,https://solomondesigns.co.uk/2018/12/10/89-2/,"In the second part of the Tutorial Install Foundation 6 on Ubuntu using cli, I will cover the use of Gulp as an automation handler. Gulp can help you",25
No headline,http://blog3001.xyz,"In the second part of the Tutorial Install Foundation 6 on Ubuntu using cli, I will cover the use of Gulp as an automation handler. Gulp can help you",25
No headline,https://solomondesigns.co.uk/2018/12/10/89-2/#comment-3,"In the second part of the Tutorial Install Foundation 6 on Ubuntu using cli, I will cover the use of Gulp as an automation handler. Gulp can help you",25
No headline,http://myexamsite.com.webstatsdomain.org/,"In the second part of the Tutorial Install Foundation 6 on Ubuntu using cli, I will cover the use of Gulp as an automation handler. Gulp can help you",25
No headline,https://solomondesigns.co.uk/2018/12/10/89-2/#comment-5,"In the second part of the Tutorial Install Foundation 6 on Ubuntu using cli, I will cover the use of Gulp as an automation handler. Gulp can help you",25
WHAT PEOPLE SAY ABOUT SOLOMON DESIGNS TECHNICAL SEO SERVICES,https://solomondesigns.co.uk#services,Solomon Designs is a Technical SEO Services Company Solomon Designs Technical SEO Services has been around for more than 12 years. Its success has been,25
No headline,https://solomondesigns.co.uk/2018/12/10/89-2/,"In the second part of the Tutorial Install Foundation 6 on Ubuntu using cli, I will cover the use of Gulp as an automation handler. Gulp can help you",25
No headline,http://blog3001.xyz,"In the second part of the Tutorial Install Foundation 6 on Ubuntu using cli, I will cover the use of Gulp as an automation handler. Gulp can help you",25
No headline,https://solomondesigns.co.uk/2018/12/10/89-2/#comment-3,"In the second part of the Tutorial Install Foundation 6 on Ubuntu using cli, I will cover the use of Gulp as an automation handler. Gulp can help you",25
No headline,http://myexamsite.com.webstatsdomain.org/,"In the second part of the Tutorial Install Foundation 6 on Ubuntu using cli, I will cover the use of Gulp as an automation handler. Gulp can help you",25
No headline,https://solomondesigns.co.uk/2018/12/10/89-2/#comment-5,"In the second part of the Tutorial Install Foundation 6 on Ubuntu using cli, I will cover the use of Gulp as an automation handler. Gulp can help you",25
WHAT PEOPLE SAY ABOUT SOLOMON DESIGNS TECHNICAL SEO SERVICES,https://solomondesigns.co.uk#services,Solomon Designs is a Technical SEO Services Company Solomon Designs Technical SEO Services has been around for more than 12 years. Its success has been,25
No headline,https://solomondesigns.co.uk/2018/12/10/89-2/,"In the second part of the Tutorial Install Foundation 6 on Ubuntu using cli, I will cover the use of Gulp as an automation handler. Gulp can help you",25
No headline,http://blog3001.xyz,"In the second part of the Tutorial Install Foundation 6 on Ubuntu using cli, I will cover the use of Gulp as an automation handler. Gulp can help you",25
No headline,https://solomondesigns.co.uk/2018/12/10/89-2/#comment-3,"In the second part of the Tutorial Install Foundation 6 on Ubuntu using cli, I will cover the use of Gulp as an automation handler. Gulp can help you",25
No headline,http://myexamsite.com.webstatsdomain.org/,"In the second part of the Tutorial Install Foundation 6 on Ubuntu using cli, I will cover the use of Gulp as an automation handler. Gulp can help you",25
No headline,https://solomondesigns.co.uk/2018/12/10/89-2/#comment-5,"In the second part of the Tutorial Install Foundation 6 on Ubuntu using cli, I will cover the use of Gulp as an automation handler. Gulp can help you",25
No headline,https://solomondesigns.co.uk/2018/12/10/because-we-love-what-we-do/,There is always a good chance you meet people in your life that really affect you and urge you to be creative. There is no magical formula to achieve,25
No headline,https://solomondesigns.co.uk/2018/12/10/because-we-love-what-we-do/,There is always a good chance you meet people in your life that really affect you and urge you to be creative. There is no magical formula to achieve,25
"When building your first website, you have to consider that a very common mistake people make, is attempting to do too much.",https://solomondesigns.co.uk/2019/05/06/what-do-you-really-need-to-build-your-first-website/,"When building your first website, you have to consider that a very common mistake people make, is attempting to do too much. The fact that you don't have",25
"When building your first website, you have to consider that a very common mistake people make, is attempting to do too much.",https://solomondesigns.co.uk/2019/05/06/what-do-you-really-need-to-build-your-first-website/,"When building your first website, you have to consider that a very common mistake people make, is attempting to do too much. The fact that you don't have",25
Looking for the right web developer is hard and we can assure you that a creative cooperation can be challenging and sometimes tiring.,https://solomondesigns.co.uk/2019/05/06/what-does-your-web-developer-actually-do-for-you/,Looking for the right web developer is hard and we can assure you that a creative cooperation can be challenging and sometimes tiring. Web developers,25
Looking for the right web developer is hard and we can assure you that a creative cooperation can be challenging and sometimes tiring.,https://solomondesigns.co.uk/2019/05/06/what-does-your-web-developer-actually-do-for-you/,Looking for the right web developer is hard and we can assure you that a creative cooperation can be challenging and sometimes tiring. Web developers,25
Choose the Right Platform,https://solomondesigns.co.uk/2021/10/17/how-to-do-seo-on-wp-website/,"Each strategy is personalized, depending on the client's goals, target audience, and the improvements that a website or app needs in order to be successful",25
Improve Visibility/Traffic/Conversions,https://solomondesigns.co.uk/work/,When it comes to SEO you need a solid plan and results. We provide guidance in every step and Before/ After Reports.,25
Looking for the right web developer is hard and we can assure you that a creative cooperation can be challenging and sometimes tiring.,https://solomondesigns.co.uk/2019/05/06/what-does-your-web-developer-actually-do-for-you/,Looking for the right web developer is hard and we can assure you that a creative cooperation can be challenging and sometimes tiring. Web developers,25
No headline,https://solomondesigns.co.uk/2018/12/10/how-to-install-joomla-3-on-a-linux-vps-server/,"Hosting a web site on a shared hosting environment is convenient, but it doesn't offer you the flexibility we sometimes need. This is a case when we need",25
No headline,https://solomondesigns.co.uk/2018/12/10/89-2/,"In the second part of the Tutorial Install Foundation 6 on Ubuntu using cli, I will cover the use of Gulp as an automation handler. Gulp can help you",25
No headline,http://blog3001.xyz,"In the second part of the Tutorial Install Foundation 6 on Ubuntu using cli, I will cover the use of Gulp as an automation handler. Gulp can help you",25
No headline,https://solomondesigns.co.uk/2018/12/10/89-2/#comment-3,"In the second part of the Tutorial Install Foundation 6 on Ubuntu using cli, I will cover the use of Gulp as an automation handler. Gulp can help you",25
No headline,http://myexamsite.com.webstatsdomain.org/,"In the second part of the Tutorial Install Foundation 6 on Ubuntu using cli, I will cover the use of Gulp as an automation handler. Gulp can help you",25
No headline,https://solomondesigns.co.uk/2018/12/10/89-2/#comment-5,"In the second part of the Tutorial Install Foundation 6 on Ubuntu using cli, I will cover the use of Gulp as an automation handler. Gulp can help you",25
No headline,https://solomondesigns.co.uk/2018/12/10/how-to-install-zurbs-foundation-6-with-sass-compiler-using-the-cli-on-an-ubuntu-pc-p-1/,When it comes to Web Development writing pure code Zurb's Foundation 6 is one of the most reliable and easy to use Frameworks. Foundation 6 provides the,25
"Statistically speaking, if you are the owner of a website, it is very common to face cyber attacks. And here’s how you can deal with them:",https://solomondesigns.co.uk/2019/05/16/how-to-fight-cyber-attacks/,"Statistically speaking, if you are the owner of a website, it is very common to face cyber attacks. And here's how you can deal with them: #1 PASSWORDS An",25
No headline,https://solomondesigns.co.uk/author/infosolomonsoft-gr/,"Welcome to WordPress. This is your first post. Edit or delete it, then start writing!",25
No headline,https://wordpress.org/,"Welcome to WordPress. This is your first post. Edit or delete it, then start writing!",25
There is always the possibility that this is the first time you actually wonder about this.,https://solomondesigns.co.uk/2019/05/24/what-is-web-hosting/,"There is always the possibility that this is the first time you actually wonder about this. It's very simple: What is a website? Essentially, it's a lot",25
There is always the possibility that this is the first time you actually wonder about this.,https://solomondesigns.co.uk/2019/05/24/what-is-web-hosting/,"There is always the possibility that this is the first time you actually wonder about this. It's very simple: What is a website? Essentially, it's a lot",25
"Now that you know what web hosting is, it’s time to talk about the different types of web hosting",https://solomondesigns.co.uk/2019/05/27/types-of-web-hosting/,"Now that you know what web hosting is, it's time to talk about the different types of web hosting Shared Hosting In the previous article we explained what",25
"Now that you know what web hosting is, it’s time to talk about the different types of web hosting",https://solomondesigns.co.uk/2019/05/27/types-of-web-hosting/,"Now that you know what web hosting is, it's time to talk about the different types of web hosting Shared Hosting In the previous article we explained what",25
"Web design is extremely important for a website as it can either lift it to the top, or bury it to the bottoms of rankings. And here is why:",https://solomondesigns.co.uk/2019/05/21/the-importance-of-web-design/,"Web design is extremely important for a website as it can either lift it to the top, or bury it to the bottoms of rankings. And here is why: #1 Navigation",25
"It’s not rare that people confuse web development with web design. In this article we explain what web design is, after presenting web development in the previous one. Take a look, it might clear the picture for you!",https://solomondesigns.co.uk/2019/05/13/what-is-web-design/,"It's not rare that people confuse web development with web design. In this article we explain what web design is, after presenting web development in the",25
"You know you want a web developer, but you don’t know what to ask them. Here’s a list of useful questions you might need to ask:",https://solomondesigns.co.uk/2019/05/13/top-questions-to-ask-your-web-developer/,"You know you want a web developer, but you don't know what to ask them. Here's a list of useful questions you might need to ask: #1. How long have you",25
"It is not easy to choose the right web developer, especially if you’re not acquainted with the profession. Nevertheless, we provide you with 5 valuable criteria that will help you organise the info you’ve got and choose the proper developer for your website.",https://solomondesigns.co.uk/2019/05/09/how-to-choose-the-right-web-developer/,"It is not easy to choose the right web developer, especially if you're not acquainted with the profession. Nevertheless, we provide you with 5 valuable",25
"It is not easy to choose the right web developer, especially if you’re not acquainted with the profession. Nevertheless, we provide you with 5 valuable criteria that will help you organise the info you’ve got and choose the proper developer for your website.",https://solomondesigns.co.uk/2019/05/09/how-to-choose-the-right-web-developer/,"It is not easy to choose the right web developer, especially if you're not acquainted with the profession. Nevertheless, we provide you with 5 valuable",25
"It is not easy to choose the right web developer, especially if you’re not acquainted with the profession. Nevertheless, we provide you with 5 valuable criteria that will help you organise the info you’ve got and choose the proper developer for your website.",https://solomondesigns.co.uk/2019/05/09/how-to-choose-the-right-web-developer/,"It is not easy to choose the right web developer, especially if you're not acquainted with the profession. Nevertheless, we provide you with 5 valuable",25
"You might think you know what a successful website looks like, but we would advise you to take a look at this blog post that we prepared for you, with a valuable list of characteristics you need to adopt, if you want your website to hit the top!",https://solomondesigns.co.uk/2019/05/07/the-characteristics-of-a-successful-website/,"You might think you know what a successful website looks like, but we would advise you to take a look at this blog post that we prepared for you, with a",25
No headline,https://solomondesigns.co.uk/2019/05/07/identifying-what-you-want/,We’re only humans and knowing what we want can sometimes be tricky and tiring. A website is not an easy thing to do and identifying what you really want,25
No headline,https://solomondesigns.co.uk/2019/05/07/identifying-what-you-want/,We’re only humans and knowing what we want can sometimes be tricky and tiring. A website is not an easy thing to do and identifying what you really want,25
No headline,https://solomondesigns.co.uk/2019/05/07/identifying-what-you-want/,We’re only humans and knowing what we want can sometimes be tricky and tiring. A website is not an easy thing to do and identifying what you really want,25
Looking for the right web developer is hard and we can assure you that a creative cooperation can be challenging and sometimes tiring.,https://solomondesigns.co.uk/2019/05/06/what-does-your-web-developer-actually-do-for-you/,Looking for the right web developer is hard and we can assure you that a creative cooperation can be challenging and sometimes tiring. Web developers,25
"When building your first website, you have to consider that a very common mistake people make, is attempting to do too much.",https://solomondesigns.co.uk/2019/05/06/what-do-you-really-need-to-build-your-first-website/,"When building your first website, you have to consider that a very common mistake people make, is attempting to do too much. The fact that you don't have",25
"Now that you know what web hosting is, it’s time to talk about the different types of web hosting",https://solomondesigns.co.uk/2019/05/27/types-of-web-hosting/,"Now that you know what web hosting is, it's time to talk about the different types of web hosting Shared Hosting In the previous article we explained what",25
There is always the possibility that this is the first time you actually wonder about this.,https://solomondesigns.co.uk/2019/05/24/what-is-web-hosting/,"There is always the possibility that this is the first time you actually wonder about this. It's very simple: What is a website? Essentially, it's a lot",25
"WordPress is the most popular platform to create a website and there are various reasons for this massive preference. But, what is WordPress? Why do people choose it? Is it free?",https://solomondesigns.co.uk/2019/05/31/wordpress-basics/,"WordPress is the most popular platform to create a website and there are various reasons for this massive preference. But, what is WordPress? Why do",25
Looking for the right web developer is hard and we can assure you that a creative cooperation can be challenging and sometimes tiring.,https://solomondesigns.co.uk/2019/05/06/what-does-your-web-developer-actually-do-for-you/,Looking for the right web developer is hard and we can assure you that a creative cooperation can be challenging and sometimes tiring. Web developers,25
Let’s start with the basics and see how you log in to WordPress,https://solomondesigns.co.uk/2019/06/05/how-to-log-in-to-wordpress/,"Let's start with the basics and see how you log in to WordPress Once you have completed the installation of WordPress, you can login to your dashboard.",25
"The first impression is the most important, so what you need to do is configure your home page. Here’s how to do it",https://solomondesigns.co.uk/2019/06/05/configuring-your-wordpress-home-page/,"The first impression is the most important, so what you need to do is configure your home page. Here's how to do it WordPress allows you to control what",25
What are pages and what are posts? The most common question of WordPress users is answered here:,https://solomondesigns.co.uk/2019/06/05/wordpress-pages-vs-posts/,What are pages and what are posts? The most common question of WordPress users is answered here: When you begin to create your first website with,25
"Adding links to your pages and posts in WordPress is not hard at all, as long as you know how to do it",https://solomondesigns.co.uk/2019/06/05/creating-a-link-in-wordpress/,"Adding links to your pages and posts in WordPress is not hard at all, as long as you know how to do it When working with your WordPress pages and posts,",25
This article teaches you all about checking a Thunderbird email account. We will only need to create a mailbox in Thunderbird. Below are the step by step instructions.,https://solomondesigns.co.uk/2019/06/05/thunderbird-email-account/,This article teaches you all about checking a Thunderbird email account. We will only need to create a mailbox in Thunderbird. Below are the step by,25
The following tutorial will demonstrate how to setup a mail account in the Apple Mail client (also known as MacMail).,https://solomondesigns.co.uk/2019/06/05/updated-how-to-set-up-mac-mail/,The following tutorial will demonstrate how to setup a mail account in the Apple Mail client (also known as MacMail).  This tutorial is using,25
"The following tutorial will show you how set up your email accounts in the default Apple email client, Mac Mail.",https://solomondesigns.co.uk/2019/06/05/how-to-set-up-mac-mail/,"The following tutorial will show you how set up your email accounts in the default Apple email client, Mac Mail. If you are using a newer version of Mac",25
"In order to set up email clients like Outlook, Mac mail, or Thunderbird you need your email settings from cPanel. This article guides you through how to locate them.",https://solomondesigns.co.uk/2019/06/05/viewing-your-email-settings-in-cpanel-and-webmail/,"In order to set up email clients like Outlook, Mac mail, or Thunderbird you need your email settings from cPanel. This article guides you through how to",25
Outlook 2011 is a version of Microsoft Outlook available for the Mac computer. Here’s how you can set it up as an email client to send and receive email from your email host,https://solomondesigns.co.uk/2019/06/05/how-to-set-up-your-email-in-outlook-2011-for-the-mac/,Outlook 2011 is a version of Microsoft Outlook available for the Mac computer. Here's how you can set it up as an email client to send and receive email,25
A common task when first getting into Outlook 2016 is setting up an account. Once the account is created and added you will be able to manage your emails using the Outlook 2016 email client.,https://solomondesigns.co.uk/2019/06/05/how-to-setup-outlook-2016-for-windows/,A common task when first getting into Outlook 2016 is setting up an account. Once the account is created and added you will be able to manage your emails,25
Content writing tips,https://solomondesigns.co.uk/work/,"Content writing is the process of planning, writing, and editing web content, typically for digital marketing purposes.",25
,https://solomondesigns.co.uk/2021/11/02/whats-the-difference-between-cold-leads-warm-leads-marketing-qualified-leads-and-sales-qualified-leads/,"As most of you probably know, a lead is an individual that you've collected some type of contact info from but hasn't purchased from you yet.",25
,https://solomondesigns.co.uk/2021/11/02/whats-the-difference-between-cold-leads-warm-leads-marketing-qualified-leads-and-sales-qualified-leads/,"As most of you probably know, a lead is an individual that you've collected some type of contact info from but hasn't purchased from you yet.",25
,https://solomondesigns.co.uk/2021/11/02/b2b-seo-why-is-it-unique/,Business-to-Business (B2B) search engine optimization is a digital marketing strategy designed to help B2B website pages rank higher in search engines.,25
,https://solomondesigns.co.uk/2021/11/02/b2b-seo-why-is-it-unique/,Business-to-Business (B2B) search engine optimization is a digital marketing strategy designed to help B2B website pages rank higher in search engines.,25
,https://solomondesigns.co.uk/2021/11/03/how-to-choose-a-cms/,"A content management system (CMS) is a GUI that helps users create, edit and modify content as a digital experience.",25
,https://solomondesigns.co.uk/2021/11/03/how-to-choose-a-cms/,"A content management system (CMS) is a GUI that helps users create, edit and modify content as a digital experience.",25
Content Marketing Types,https://solomondesigns.co.uk/work/,"Content marketing is the development and distribution of relevant, useful content to current and potential customers.",25
But does SEO actually work?,https://solomondesigns.co.uk/2021/12/13/is-wordpress-bad-for-seo/,Search engine optimization is a collection of methods that website owners can use to increase their rankings in search engines like Google.,25
No headline,https://solomondesigns.co.uk/2021/12/09/why-is-regular-maintenance-important-for-your-website/,"Choosing the right web developer isn't always an easy business goal; however, there are some things you need to consider when choosing one.",25
No headline,https://solomondesigns.co.uk/2021/12/09/what-do-seo-consultants-do/,"Choosing the right web developer isn't always an easy business goal; however, there are some things you need to consider when choosing one.",25
No headline,https://solomondesigns.co.uk/2021/12/08/__trashed/,"Choosing the right web developer isn't always an easy business goal; however, there are some things you need to consider when choosing one.",25
,https://solomondesigns.co.uk/2021/11/29/how-long-does-effective-seo-usually-take/,Success factors related to SEO campaigns are often used as proxies for aspects of the user experience. It's how search bots estimate a website.,25
No headline,https://solomondesigns.co.uk/2021/11/16/what-is-a-technical-seo/,Technical SEO refers to improving the technical aspects of a website in order to increase the ranking factor of its pages in the search engines.,25
What to look for in a friendly Content Management System,https://solomondesigns.co.uk/2021/11/08/what-to-look-for-in-a-friendly-content-management-system/,No description,26
What types of content marketing are there?,https://solomondesigns.co.uk/2021/11/08/what-types-of-content-marketing-are-there/,No description,26
Why does an ECommerce business need SEO?,https://solomondesigns.co.uk/2021/11/08/why-does-an-ecommerce-business-need-seo/,No description,26
What Is SEO / Search Engine Optimization?,https://solomondesigns.co.uk/2021/11/08/what-is-seo-search-engine-optimization/,No description,26
Why did WordPress become so popular?,https://solomondesigns.co.uk/2021/11/08/why-did-wordpress-become-so-popular/,No description,26
How to Identify Quality Leads,https://solomondesigns.co.uk/2021/11/08/how-to-identify-quality-leads/,No description,26
Why is content marketing important?,https://solomondesigns.co.uk/2021/11/03/why-is-content-marketing-important/,No description,26
How to choose a CMS,https://solomondesigns.co.uk/2021/11/03/how-to-choose-a-cms/,No description,26
B2B SEO: Why Is It Unique?,https://solomondesigns.co.uk/2021/11/02/b2b-seo-why-is-it-unique/,No description,26
What’s the difference between cold and warm leads?,https://solomondesigns.co.uk/2021/11/02/whats-the-difference-between-cold-leads-warm-leads-marketing-qualified-leads-and-sales-qualified-leads/,No description,26
,https://solomondesigns.co.uk/2021/11/08/what-to-look-for-in-a-friendly-content-management-system/,A CMS platform (content management system platform) is a piece of software that allows you to easily manage content and create a website.,26
,https://solomondesigns.co.uk/2021/11/08/what-types-of-content-marketing-are-there/,"The terms ""content,"" ""content marketing,"" ""content marketing strategy,"" ""content marketing plan,"" and phrases with similar vocabulary are everywhere.",26
,https://solomondesigns.co.uk/2021/11/08/why-does-an-ecommerce-business-need-seo/,SEO for e-commerce is a strategy that helps web retailers rank higher in search engine results.,26
,https://solomondesigns.co.uk/2021/11/08/what-is-seo-search-engine-optimization/,"SEO stands for “search engine optimization.” In simple terms, it means the process of improving your site to increase its visibility.",26
,https://solomondesigns.co.uk/2021/11/08/what-is-seo-search-engine-optimization/,"SEO stands for “search engine optimization.” In simple terms, it means the process of improving your site to increase its visibility.",26
,https://solomondesigns.co.uk/2021/11/08/why-did-wordpress-become-so-popular/,The answer to this question lies in its flexibility and ease of use. WordPress can be used by anyone.,26
,https://solomondesigns.co.uk/2021/11/08/how-to-identify-quality-leads/,Differentiating the good from the bad is one of the most important skills required for Lead Generation.,26
,https://solomondesigns.co.uk/2021/11/03/why-is-content-marketing-important/,"Content marketing is important because it answers your audience's questions and helps you build trust, and relationships, and generate leads.",26
,https://solomondesigns.co.uk/2021/11/03/how-to-choose-a-cms/,"A content management system (CMS) is a GUI that helps users create, edit and modify content as a digital experience.",26
,https://solomondesigns.co.uk/2021/11/02/b2b-seo-why-is-it-unique/,Business-to-Business (B2B) search engine optimization is a digital marketing strategy designed to help B2B website pages rank higher in search engines.,26
,https://solomondesigns.co.uk/2021/11/02/whats-the-difference-between-cold-leads-warm-leads-marketing-qualified-leads-and-sales-qualified-leads/,"As most of you probably know, a lead is an individual that you've collected some type of contact info from but hasn't purchased from you yet.",26
What is a Buyer Persona,https://solomondesigns.co.uk/2021/10/27/what-is-a-buyer-persona/,No description,27
What is Google Pagespeed Insights,https://solomondesigns.co.uk/2021/10/19/google-pagespeed-insights-optimization/,No description,27
How to do SEO on a WordPress Website,https://solomondesigns.co.uk/2021/10/17/how-to-do-seo-on-wp-website/,No description,27
How to improve SEO on WordPress,https://solomondesigns.co.uk/2021/10/17/how-to-improve-seo-on-wp/,No description,27
WooCommerce SEO experts,https://solomondesigns.co.uk/2021/10/13/woocommerce-seo-experts/,No description,27
WordPress SEO Expert,https://solomondesigns.co.uk/2021/10/13/wordpress-seo-expert/,No description,27
WordPress SEO Company,https://solomondesigns.co.uk/2021/10/13/wordpress-seo-company/,No description,27
WordPress SEO Consultant,https://solomondesigns.co.uk/2021/10/13/wordpress-seo-consultant/,No description,27
Website Development Agency UK: Website Traffic and Social Media,https://solomondesigns.co.uk/2019/06/05/website-development-agency-uk/,No description,27
,https://solomondesigns.co.uk/2021/10/27/what-is-a-buyer-persona/,A buyer persona is a research-based profile that depicts a target customer. Buyer personas describe who your ideal customers are.,27
,https://solomondesigns.co.uk/2021/10/19/google-pagespeed-insights-optimization/,"What is Google PageSpeed Insights OptimizationPageSpeed Insights, also known as PSI, is an online Google tool that evaluates the loading speed of a page",27
No headline,https://solomondesigns.co.uk/2021/10/17/how-to-do-seo-on-wp-website/,Google and other search engines use advanced algorithms to understand and rank pages appropriately in search results.,27
Search Engine Optimization,https://solomondesigns.co.uk/2021/10/17/how-to-improve-seo-on-wp/,Search Engine Optimization (SEO) is the process of optimizing your site's presence on organic search engine results to increase traffic to your site.,27
Why do you need a WooCommerce Seo Expert?,https://solomondesigns.co.uk/2021/10/13/woocommerce-seo-experts/,"To sell your products, you need Organic Traffic to your site, once you start your new website.",27
Why do you need a WordPress SEO Expert,https://solomondesigns.co.uk/2021/10/13/wordpress-seo-expert/,"When you're launching new services or products, redesigning your WordPress website, or building out new content, SEO expertise is essential.",27
Why do you need a WordPress Seo Company,https://solomondesigns.co.uk/2021/10/13/wordpress-seo-company/,"If you work with a top-rated SEO company that has experts in digital marketing, and web design development, then you can help drive traffic to your website",27
Why you need a WordPress Seo Consultant.,https://solomondesigns.co.uk/2021/10/13/wordpress-seo-consultant/,SEO Consultants are the front-line workers providing not only consulting but hands-on internet marketing fulfillment services.,27
Having your own domain name for your business is very important. Having the right domain name is equally important. And here is why:,https://solomondesigns.co.uk/2019/05/10/the-importance-of-a-domain-name/,Having your own domain name for your business is very important. Having the right domain name is equally important. And here is why: #1. Credibility,27
Having your own domain name for your business is very important. Having the right domain name is equally important. And here is why:,https://solomondesigns.co.uk/2019/05/10/the-importance-of-a-domain-name/,Having your own domain name for your business is very important. Having the right domain name is equally important. And here is why: #1. Credibility,27
No headline,https://solomondesigns.co.uk/author/infosolomonsoft-gr/,DesignRush is an online platform that helps businesses discover and connect with top design agencies. As a leading resource for companies seeking,27
No headline,https://solomondesigns.co.uk/2018/12/10/because-we-love-what-we-do/,There is always a good chance you meet people in your life that really affect you and urge you to be creative. There is no magical formula to achieve,27
What types of content marketing are there?,https://solomondesigns.co.uk/2021/11/08/what-types-of-content-marketing-are-there/,No description,28
Why does an ECommerce business need SEO?,https://solomondesigns.co.uk/2021/11/08/why-does-an-ecommerce-business-need-seo/,No description,28
What Is SEO / Search Engine Optimization?,https://solomondesigns.co.uk/2021/11/08/what-is-seo-search-engine-optimization/,No description,28
Why did WordPress become so popular?,https://solomondesigns.co.uk/2021/11/08/why-did-wordpress-become-so-popular/,No description,28
How to Identify Quality Leads,https://solomondesigns.co.uk/2021/11/08/how-to-identify-quality-leads/,No description,28
Why is content marketing important?,https://solomondesigns.co.uk/2021/11/03/why-is-content-marketing-important/,No description,28
How to choose a CMS,https://solomondesigns.co.uk/2021/11/03/how-to-choose-a-cms/,No description,28
B2B SEO: Why Is It Unique?,https://solomondesigns.co.uk/2021/11/02/b2b-seo-why-is-it-unique/,No description,28
What’s the difference between cold and warm leads?,https://solomondesigns.co.uk/2021/11/02/whats-the-difference-between-cold-leads-warm-leads-marketing-qualified-leads-and-sales-qualified-leads/,No description,28
What is a Buyer Persona,https://solomondesigns.co.uk/2021/10/27/what-is-a-buyer-persona/,No description,28
What is Google Pagespeed Insights,https://solomondesigns.co.uk/2021/10/19/google-pagespeed-insights-optimization/,No description,29
How to do SEO on a WordPress Website,https://solomondesigns.co.uk/2021/10/17/how-to-do-seo-on-wp-website/,No description,29
How to improve SEO on WordPress,https://solomondesigns.co.uk/2021/10/17/how-to-improve-seo-on-wp/,No description,29
WooCommerce SEO experts,https://solomondesigns.co.uk/2021/10/13/woocommerce-seo-experts/,No description,29
WordPress SEO Expert,https://solomondesigns.co.uk/2021/10/13/wordpress-seo-expert/,No description,29
WordPress SEO Company,https://solomondesigns.co.uk/2021/10/13/wordpress-seo-company/,No description,29
WordPress SEO Consultant,https://solomondesigns.co.uk/2021/10/13/wordpress-seo-consultant/,No description,29
What is a technical SEO?,https://solomondesigns.co.uk/2021/11/16/what-is-a-technical-seo/,Solomon Designs Blog,29
What to look for in a friendly Content Management System,https://solomondesigns.co.uk/2021/11/08/what-to-look-for-in-a-friendly-content-management-system/,Solomon Designs Blog,29
What types of content marketing are there?,https://solomondesigns.co.uk/2021/11/08/what-types-of-content-marketing-are-there/,Solomon Designs Blog,29
Why does an ECommerce business need SEO?,https://solomondesigns.co.uk/2021/11/08/why-does-an-ecommerce-business-need-seo/,Solomon Designs Blog,29
What Is SEO / Search Engine Optimization?,https://solomondesigns.co.uk/2021/11/08/what-is-seo-search-engine-optimization/,Solomon Designs Blog,29
Why did WordPress become so popular?,https://solomondesigns.co.uk/2021/11/08/why-did-wordpress-become-so-popular/,Solomon Designs Blog,29
How to Identify Quality Leads,https://solomondesigns.co.uk/2021/11/08/how-to-identify-quality-leads/,Solomon Designs Blog,29
Why is content marketing important?,https://solomondesigns.co.uk/2021/11/03/why-is-content-marketing-important/,Solomon Designs Blog,29
How to choose a CMS,https://solomondesigns.co.uk/2021/11/03/how-to-choose-a-cms/,Solomon Designs Blog,29
B2B SEO: Why Is It Unique?,https://solomondesigns.co.uk/2021/11/02/b2b-seo-why-is-it-unique/,Solomon Designs Blog,29
What’s the difference between cold and warm leads?,https://solomondesigns.co.uk/2021/11/02/whats-the-difference-between-cold-leads-warm-leads-marketing-qualified-leads-and-sales-qualified-leads/,Solomon Designs Blog,29
What is a Buyer Persona,https://solomondesigns.co.uk/2021/10/27/what-is-a-buyer-persona/,Solomon Designs Blog,29
What is Google Pagespeed Insights,https://solomondesigns.co.uk/2021/10/19/google-pagespeed-insights-optimization/,Solomon Designs Blog,29
How to do SEO on a WordPress Website,https://solomondesigns.co.uk/2021/10/17/how-to-do-seo-on-wp-website/,Solomon Designs Blog,29
How to improve SEO on WordPress,https://solomondesigns.co.uk/2021/10/17/how-to-improve-seo-on-wp/,Solomon Designs Blog,29
WooCommerce SEO experts,https://solomondesigns.co.uk/2021/10/13/woocommerce-seo-experts/,Solomon Designs Blog,29
WordPress SEO Expert,https://solomondesigns.co.uk/2021/10/13/wordpress-seo-expert/,Solomon Designs Blog,29
WordPress SEO Company,https://solomondesigns.co.uk/2021/10/13/wordpress-seo-company/,Solomon Designs Blog,29
WordPress SEO Consultant,https://solomondesigns.co.uk/2021/10/13/wordpress-seo-consultant/,Solomon Designs Blog,29
Hello world!,https://solomondesigns.co.uk/2020/10/16/hello-world/,Solomon Designs Blog,29
Design Rush,https://solomondesigns.co.uk/2020/01/08/design-rush/,Solomon Designs Blog,29
Website Development Agency UK: Website Traffic and Social Media,https://solomondesigns.co.uk/2019/06/05/website-development-agency-uk/,Solomon Designs Blog,29
Checking a Thunderbird Email Account,https://solomondesigns.co.uk/2019/06/05/thunderbird-email-account/,Solomon Designs Blog,29
Updated: How to Set Up Mac Mail,https://solomondesigns.co.uk/2019/06/05/updated-how-to-set-up-mac-mail/,Solomon Designs Blog,29
How to set up Mac Mail,https://solomondesigns.co.uk/2019/06/05/how-to-set-up-mac-mail/,Solomon Designs Blog,29
Viewing your Email Settings in cPanel and Webmail,https://solomondesigns.co.uk/2019/06/05/viewing-your-email-settings-in-cpanel-and-webmail/,Solomon Designs Blog,29
How to Set Up your Email in Outlook 2011 for the Mac,https://solomondesigns.co.uk/2019/06/05/how-to-set-up-your-email-in-outlook-2011-for-the-mac/,Solomon Designs Blog,29
How to Setup Outlook 2016 for Windows,https://solomondesigns.co.uk/2019/06/05/how-to-setup-outlook-2016-for-windows/,Solomon Designs Blog,29
The WordPress Site Structure Explained,https://solomondesigns.co.uk/2019/06/05/the-wordpress-site-structure-explained/,Solomon Designs Blog,29
How to log in to WordPress,https://solomondesigns.co.uk/2019/06/05/how-to-log-in-to-wordpress/,Solomon Designs Blog,29
Configuring your WordPress Home Page,https://solomondesigns.co.uk/2019/06/05/configuring-your-wordpress-home-page/,Solomon Designs Blog,29
WordPress Pages vs Posts,https://solomondesigns.co.uk/2019/06/05/wordpress-pages-vs-posts/,Solomon Designs Blog,29
Creating a link in WordPress,https://solomondesigns.co.uk/2019/06/05/creating-a-link-in-wordpress/,Solomon Designs Blog,29
What kind of website can I build with WordPress?,https://solomondesigns.co.uk/2019/06/05/what-kind-of-website-can-i-build-with-wordpress/,Solomon Designs Blog,29
WordPress Basics,https://solomondesigns.co.uk/2019/05/31/wordpress-basics/,Solomon Designs Blog,29
What to look for in a Web Host,https://solomondesigns.co.uk/2019/05/27/what-to-look-for-in-a-web-host/,Solomon Designs Blog,29
Types of Web Hosting,https://solomondesigns.co.uk/2019/05/27/types-of-web-hosting/,Solomon Designs Blog,29
What is Web Hosting?,https://solomondesigns.co.uk/2019/05/24/what-is-web-hosting/,Solomon Designs Blog,29
The Importance of Web Design,https://solomondesigns.co.uk/2019/05/21/the-importance-of-web-design/,Solomon Designs Blog,29
Why SEO?,https://solomondesigns.co.uk/2019/05/17/why-seo/,Solomon Designs Blog,29
How to Fight Cyber Attacks,https://solomondesigns.co.uk/2019/05/16/how-to-fight-cyber-attacks/,Solomon Designs Blog,29
Top Questions to Ask your Web Developer,https://solomondesigns.co.uk/2019/05/13/top-questions-to-ask-your-web-developer/,Solomon Designs Blog,29
What is Web Design?,https://solomondesigns.co.uk/2019/05/13/what-is-web-design/,Solomon Designs Blog,29
What is Web Development?,https://solomondesigns.co.uk/2019/05/13/what-is-web-development/,Solomon Designs Blog,29
The Importance of a Domain Name,https://solomondesigns.co.uk/2019/05/10/the-importance-of-a-domain-name/,Solomon Designs Blog,29
How to Choose the Right Web Developer,https://solomondesigns.co.uk/2019/05/09/how-to-choose-the-right-web-developer/,Solomon Designs Blog,29
The Characteristics of a Successful Website,https://solomondesigns.co.uk/2019/05/07/the-characteristics-of-a-successful-website/,Solomon Designs Blog,29
Identifying What you Want,https://solomondesigns.co.uk/2019/05/07/identifying-what-you-want/,Solomon Designs Blog,29
Why choose WordPress?,https://solomondesigns.co.uk/2019/05/06/why-choose-wordpress/,Solomon Designs Blog,29
What does your Web Developer actually do for you?,https://solomondesigns.co.uk/2019/05/06/what-does-your-web-developer-actually-do-for-you/,Solomon Designs Blog,29
What do you really need to build your first website?,https://solomondesigns.co.uk/2019/05/06/what-do-you-really-need-to-build-your-first-website/,Solomon Designs Blog,29
Because we Love what we Do!,https://solomondesigns.co.uk/2018/12/10/because-we-love-what-we-do/,Solomon Designs Blog,29
How to install Joomla 3 on a Linux VPS Server,https://solomondesigns.co.uk/2018/12/10/how-to-install-joomla-3-on-a-linux-vps-server/,Solomon Designs Blog,29
How to install Zurb’s Foundation 6 with SASS compiler using the CLI on an Ubuntu PC p.2,https://solomondesigns.co.uk/2018/12/10/89-2/,Solomon Designs Blog,29
How to install Zurb’s Foundation 6 with SASS compiler using the CLI on an Ubuntu PC p.1,https://solomondesigns.co.uk/2018/12/10/how-to-install-zurbs-foundation-6-with-sass-compiler-using-the-cli-on-an-ubuntu-pc-p-1/,Solomon Designs Blog,29
,,Total Posts with Issues:,30
